{
  "properties": {
    "connectionReferences": {
      "shared_gmail": {
        "runtimeSource": "embedded",
        "connection": {
          "connectionReferenceLogicalName": "yasser_sharedgmail_bbe9c"
        },
        "api": {
          "name": "shared_gmail"
        }
      },
      "shared_commondataserviceforapps": {
        "runtimeSource": "embedded",
        "connection": {
          "connectionReferenceLogicalName": "yasser_sharedcommondataserviceforapps_e37a0"
        },
        "api": {
          "name": "shared_commondataserviceforapps"
        }
      }
    },
    "definition": {
      "$schema": "https://schema.management.azure.com/providers/Microsoft.Logic/schemas/2016-06-01/workflowdefinition.json#",
      "contentVersion": "1.0.0.0",
      "parameters": {
        "$connections": {
          "defaultValue": {},
          "type": "Object"
        },
        "$authentication": {
          "defaultValue": {},
          "type": "SecureObject"
        }
      },
      "triggers": {
        "When_a_new_email_arrives": {
          "recurrence": {
            "interval": 3,
            "frequency": "Minute"
          },
          "metadata": {
            "operationMetadataId": "b92cd309-67b4-4f9b-8693-502715cef22b"
          },
          "type": "OpenApiConnection",
          "inputs": {
            "host": {
              "connectionName": "shared_gmail",
              "operationId": "OnNewEmail",
              "apiId": "/providers/Microsoft.PowerApps/apis/shared_gmail"
            },
            "parameters": {
              "label": "INBOX",
              "importance": "All",
              "starred": "All",
              "fetchOnlyWithAttachments": false,
              "includeAttachments": false
            },
            "authentication": "@parameters('$authentication')"
          }
        }
      },
      "actions": {
        "Add_a_new_row": {
          "runAfter": {},
          "metadata": {
            "operationMetadataId": "252032be-cef1-46c8-bfd4-264ac78a4655"
          },
          "type": "OpenApiConnection",
          "inputs": {
            "host": {
              "connectionName": "shared_commondataserviceforapps",
              "operationId": "CreateRecord",
              "apiId": "/providers/Microsoft.PowerApps/apis/shared_commondataserviceforapps"
            },
            "parameters": {
              "entityName": "yasser_leads",
              "item/yasser_name": "@triggerOutputs()?['body/SenderName']",
              "item/yasser_status": 1,
              "item/yasser_email": "@triggerOutputs()?['body/From']",
              "item/yasser_leadsource": 1
            },
            "authentication": "@parameters('$authentication')"
          }
        }
      }
    },
    "templateName": null
  },
  "schemaVersion": "1.0.0.0"
}