<ImportExportXml version="9.2.25043.214" SolutionPackageVersion="9.2" languagecode="1033" generatedBy="CrmLive" xmlns:xsi="http://www.w3.org/2001/XMLSchema-instance" OrganizationVersion="9.2.25043.214" OrganizationSchemaType="Full" CRMServerServiceabilityVersion="9.2.25043.00214">
  <SolutionManifest>
    <UniqueName>YasserCrmSolution</UniqueName>
    <LocalizedNames>
      <LocalizedName description="Yasser Crm Solution" languagecode="1033" />
    </LocalizedNames>
    <Descriptions />
    <Version>1.0.0.2</Version>
    <Managed>0</Managed>
    <Publisher>
      <UniqueName>yasser</UniqueName>
      <LocalizedNames>
        <LocalizedName description="yasser" languagecode="1033" />
      </LocalizedNames>
      <Descriptions>
        <Description description="This is my puplisher" languagecode="1033" />
      </Descriptions>
      <EMailAddress xsi:nil="true"></EMailAddress>
      <SupportingWebsiteUrl xsi:nil="true"></SupportingWebsiteUrl>
      <CustomizationPrefix>yasser</CustomizationPrefix>
      <CustomizationOptionValuePrefix>49355</CustomizationOptionValuePrefix>
      <Addresses>
        <Address>
          <AddressNumber>1</AddressNumber>
          <AddressTypeCode>1</AddressTypeCode>
          <City xsi:nil="true"></City>
          <County xsi:nil="true"></County>
          <Country xsi:nil="true"></Country>
          <Fax xsi:nil="true"></Fax>
          <FreightTermsCode xsi:nil="true"></FreightTermsCode>
          <ImportSequenceNumber xsi:nil="true"></ImportSequenceNumber>
          <Latitude xsi:nil="true"></Latitude>
          <Line1 xsi:nil="true"></Line1>
          <Line2 xsi:nil="true"></Line2>
          <Line3 xsi:nil="true"></Line3>
          <Longitude xsi:nil="true"></Longitude>
          <Name xsi:nil="true"></Name>
          <PostalCode xsi:nil="true"></PostalCode>
          <PostOfficeBox xsi:nil="true"></PostOfficeBox>
          <PrimaryContactName xsi:nil="true"></PrimaryContactName>
          <ShippingMethodCode>1</ShippingMethodCode>
          <StateOrProvince xsi:nil="true"></StateOrProvince>
          <Telephone1 xsi:nil="true"></Telephone1>
          <Telephone2 xsi:nil="true"></Telephone2>
          <Telephone3 xsi:nil="true"></Telephone3>
          <TimeZoneRuleVersionNumber xsi:nil="true"></TimeZoneRuleVersionNumber>
          <UPSZone xsi:nil="true"></UPSZone>
          <UTCOffset xsi:nil="true"></UTCOffset>
          <UTCConversionTimeZoneCode xsi:nil="true"></UTCConversionTimeZoneCode>
        </Address>
        <Address>
          <AddressNumber>2</AddressNumber>
          <AddressTypeCode>1</AddressTypeCode>
          <City xsi:nil="true"></City>
          <County xsi:nil="true"></County>
          <Country xsi:nil="true"></Country>
          <Fax xsi:nil="true"></Fax>
          <FreightTermsCode xsi:nil="true"></FreightTermsCode>
          <ImportSequenceNumber xsi:nil="true"></ImportSequenceNumber>
          <Latitude xsi:nil="true"></Latitude>
          <Line1 xsi:nil="true"></Line1>
          <Line2 xsi:nil="true"></Line2>
          <Line3 xsi:nil="true"></Line3>
          <Longitude xsi:nil="true"></Longitude>
          <Name xsi:nil="true"></Name>
          <PostalCode xsi:nil="true"></PostalCode>
          <PostOfficeBox xsi:nil="true"></PostOfficeBox>
          <PrimaryContactName xsi:nil="true"></PrimaryContactName>
          <ShippingMethodCode>1</ShippingMethodCode>
          <StateOrProvince xsi:nil="true"></StateOrProvince>
          <Telephone1 xsi:nil="true"></Telephone1>
          <Telephone2 xsi:nil="true"></Telephone2>
          <Telephone3 xsi:nil="true"></Telephone3>
          <TimeZoneRuleVersionNumber xsi:nil="true"></TimeZoneRuleVersionNumber>
          <UPSZone xsi:nil="true"></UPSZone>
          <UTCOffset xsi:nil="true"></UTCOffset>
          <UTCConversionTimeZoneCode xsi:nil="true"></UTCConversionTimeZoneCode>
        </Address>
      </Addresses>
    </Publisher>
    <RootComponents>
      <RootComponent type="1" schemaName="yasser_lead" behavior="0" />
      <RootComponent type="1" schemaName="yasser_leadsqulificationsbpf" behavior="0" />
      <RootComponent type="1" schemaName="yasser_opportunityy" behavior="0" />
      <RootComponent type="1" schemaName="yasser_taskyy" behavior="0" />
      <RootComponent type="9" schemaName="yasser_opportunitystatuschoises" behavior="0" />
      <RootComponent type="9" schemaName="yasser_yasser_status" behavior="0" />
      <RootComponent type="20" id="{21fde1ac-5125-f011-8c4d-000d3ab00646}" behavior="0" />
      <RootComponent type="20" id="{667f138c-5025-f011-8c4d-000d3ab00646}" behavior="0" />
      <RootComponent type="20" id="{fb854870-0c21-f011-9989-000d3ab00646}" behavior="0" />
      <RootComponent type="29" id="{0615e209-532f-f011-8c4d-000d3ab00646}" behavior="0" />
      <RootComponent type="29" id="{0e8b56b1-c022-f011-8c4d-000d3ab00646}" behavior="0" />
      <RootComponent type="29" id="{1e3c0751-2fd5-4ded-aaa8-bc0c4eb3649a}" behavior="0" />
      <RootComponent type="29" id="{727c0798-d430-f011-8c4d-000d3ab00646}" behavior="0" />
      <RootComponent type="29" id="{863eb50b-6220-f011-9989-000d3ab00646}" behavior="0" />
      <RootComponent type="29" id="{aab5f942-a51f-f011-9989-000d3ab00646}" behavior="0" />
      <RootComponent type="60" id="{e4903e18-315c-4030-abce-ed65cd84ab1d}" behavior="0" />
      <RootComponent type="61" schemaName="yasser_CallSendEmailAction" behavior="0" />
      <RootComponent type="91" id="{9ac7e7a6-c792-4475-9c6b-df5875f26a24}" schemaName="My Plugin Assembly, Version=1.0.0.0, Culture=neutral, PublicKeyToken=e45dab93f9a0054d" behavior="0" />
      <RootComponent type="91" id="{987e2af1-d667-4ac0-a48c-9658b2520588}" schemaName="Solar X Comp, Version=1.0.0.0, Culture=neutral, PublicKeyToken=e45dab93f9a0054d" behavior="0" />
      <RootComponent type="92" id="{3c0cf3cf-3820-f011-9989-000d3ab00646}" behavior="0" />
    </RootComponents>
    <MissingDependencies />
  </SolutionManifest>
</ImportExportXml>